Model,RMSE,MAE
Global Mean,1.1238599168296066,0.9419550125
User Mean,1.041744757128949,0.8346363157520161
Popularity,1.0209640682297232,0.8122727061657699
